alpha,beta,result
1,0,ciphertexthere
1,1,djqifsufyuifsf
1,2,ekrjgtvgzvjgtg
1,3,flskhuwhawkhuh
1,4,gmtlivxibxlivi
1,5,hnumjwyjcymjwj
1,6,iovnkxzkdznkxk
1,7,jpwolyaleaolyl
1,8,kqxpmzbmfbpmzm
1,9,lryqnacngcqnan
1,10,mszrobdohdrobo
1,11,ntaspcepiespcp
1,12,oubtqdfqjftqdq
1,13,pvcuregrkgurer
1,14,qwdvsfhslhvsfs
1,15,rxewtgitmiwtgt
1,16,syfxuhjunjxuhu
1,17,tzgyvikvokyviv
1,18,uahzwjlwplzwjw
1,19,vbiaxkmxqmaxkx
1,20,wcjbylnyrnbyly
1,21,xdkczmozsoczmz
1,22,yeldanpatpdana
1,23,zfmeboqbuqebob
1,24,agnfcprcvrfcpc
1,25,bhogdqsdwsgdqd
3,0,gytvmzfmrfvmzm
3,1,hzuwnagnsgwnan
3,2,iavxobhothxobo
3,3,jbwypcipuiypcp
3,4,kcxzqdjqvjzqdq
3,5,ldyarekrwkarer
3,6,mezbsflsxlbsfs
3,7,nfactgmtymctgt
3,8,ogbduhnuznduhu
3,9,phceviovaoeviv
3,10,qidfwjpwbpfwjw
3,11,rjegxkqxcqgxkx
3,12,skfhylrydrhyly
3,13,tlgizmszesizmz
3,14,umhjantaftjana
3,15,vnikboubgukbob
3,16,wojlcpvchvlcpc
3,17,xpkmdqwdiwmdqd
3,18,yqlnerxejxnere
3,19,zrmofsyfkyofsf
3,20,asnpgtzglzpgtg
3,21,btoqhuahmaqhuh
3,22,cuprivbinbrivi
3,23,dvqsjwcjocsjwj
3,24,ewrtkxdkpdtkxk
3,25,fxsulyelqeulyl
5,0,koxjuhrulrjuhu
5,1,lpykvisvmskviv
5,2,mqzlwjtwntlwjw
5,3,nramxkuxoumxkx
5,4,osbnylvypvnyly
5,5,ptcozmwzqwozmz
5,6,qudpanxarxpana
5,7,rveqboybsyqbob
5,8,swfrcpzctzrcpc
5,9,txgsdqaduasdqd
5,10,uyhterbevbtere
5,11,vziufscfwcufsf
5,12,wajvgtdgxdvgtg
5,13,xbkwhuehyewhuh
5,14,yclxivfizfxivi
5,15,zdmyjwgjagyjwj
5,16,aenzkxhkbhzkxk
5,17,bfoalyilcialyl
5,18,cgpbmzjmdjbmzm
5,19,dhqcnaknekcnan
5,20,eirdoblofldobo
5,21,fjsepcmpgmepcp
5,22,gktfqdnqhnfqdq
5,23,hlugreoriogrer
5,24,imvhsfpsjphsfs
5,25,jnwitgqtkqitgt
7,0,oebxcpdcfdxcpc
7,1,pfcydqedgeydqd
7,2,qgdzerfehfzere
7,3,rheafsgfigafsf
7,4,sifbgthgjhbgtg
7,5,tjgchuihkichuh
7,6,ukhdivjiljdivi
7,7,vliejwkjmkejwj
7,8,wmjfkxlknlfkxk
7,9,xnkglymlomglyl
7,10,yolhmznmpnhmzm
7,11,zpminaonqoinan
7,12,aqnjobporpjobo
7,13,brokpcqpsqkpcp
7,14,csplqdrqtrlqdq
7,15,dtqmresrusmrer
7,16,eurnsftsvtnsfs
7,17,fvsotgutwuotgt
7,18,gwtpuhvuxvpuhu
7,19,hxuqviwvywqviv
7,20,iyvrwjxwzxrwjw
7,21,jzwsxkyxaysxkx
7,22,kaxtylzybztyly
7,23,lbyuzmazcauzmz
7,24,mczvanbadbvana
7,25,ndawbocbecwbob
9,0,suflkxpkzplkxk
9,1,tvgmlyqlaqmlyl
9,2,uwhnmzrmbrnmzm
9,3,vxionasncsonan
9,4,wyjpobtodtpobo
9,5,xzkqpcupeuqpcp
9,6,yalrqdvqfvrqdq
9,7,zbmsrewrgwsrer
9,8,acntsfxshxtsfs
9,9,bdoutgytiyutgt
9,10,cepvuhzujzvuhu
9,11,dfqwviavkawviv
9,12,egrxwjbwlbxwjw
9,13,fhsyxkcxmcyxkx
9,14,gitzyldyndzyly
9,15,hjuazmezoeazmz
9,16,ikvbanfapfbana
9,17,jlwcbogbqgcbob
9,18,kmxdcphcrhdcpc
9,19,lnyedqidsiedqd
9,20,mozferjetjfere
9,21,npagfskfukgfsf
9,22,oqbhgtlgvlhgtg
9,23,prcihumhwmihuh
9,24,qsdjivnixnjivi
9,25,rtekjwojyokjwj
11,0,wkjzsfbstbzsfs
11,1,xlkatgctucatgt
11,2,ymlbuhduvdbuhu
11,3,znmcvievwecviv
11,4,aondwjfwxfdwjw
11,5,bpoexkgxygexkx
11,6,cqpfylhyzhfyly
11,7,drqgzmizaigzmz
11,8,esrhanjabjhana
11,9,ftsibokbckibob
11,10,gutjcplcdljcpc
11,11,hvukdqmdemkdqd
11,12,iwvlernefnlere
11,13,jxwmfsofgomfsf
11,14,kyxngtpghpngtg
11,15,lzyohuqhiqohuh
11,16,mazpivrijrpivi
11,17,nbaqjwsjksqjwj
11,18,ocbrkxtkltrkxk
11,19,pdcslyulmuslyl
11,20,qedtmzvmnvtmzm
11,21,rfeunawnowunan
11,22,sgfvobxopxvobo
11,23,thgwpcypqywpcp
11,24,uihxqdzqrzxqdq
11,25,vjiyrearsayrer
15,0,eqrbivzihzbivi
15,1,frscjwajiacjwj
15,2,gstdkxbkjbdkxk
15,3,htuelyclkcelyl
15,4,iuvfmzdmldfmzm
15,5,jvwgnaenmegnan
15,6,kwxhobfonfhobo
15,7,lxyipcgpogipcp
15,8,myzjqdhqphjqdq
15,9,nzakreirqikrer
15,10,oablsfjsrjlsfs
15,11,pbcmtgktskmtgt
15,12,qcdnuhlutlnuhu
15,13,rdeovimvumoviv
15,14,sefpwjnwvnpwjw
15,15,tfgqxkoxwoqxkx
15,16,ughrylpyxpryly
15,17,vhiszmqzyqszmz
15,18,wijtanrazrtana
15,19,xjkubosbasubob
15,20,yklvcptcbtvcpc
15,21,zlmwdqudcuwdqd
15,22,amnxervedvxere
15,23,bnoyfswfewyfsf
15,24,copzgtxgfxzgtg
15,25,dpqahuyhgyahuh
17,0,igvpqdlqblpqdq
17,1,jhwqremrcmqrer
17,2,kixrsfnsdnrsfs
17,3,ljystgoteostgt
17,4,mkztuhpufptuhu
17,5,nlauviqvgquviv
17,6,ombvwjrwhrvwjw
17,7,pncwxksxiswxkx
17,8,qodxyltyjtxyly
17,9,rpeyzmuzkuyzmz
17,10,sqfzanvalvzana
17,11,trgabowbmwabob
17,12,ushbcpxcnxbcpc
17,13,vticdqydoycdqd
17,14,wujderzepzdere
17,15,xvkefsafqaefsf
17,16,ywlfgtbgrbfgtg
17,17,zxmghuchscghuh
17,18,aynhivditdhivi
17,19,bzoijwejueijwj
17,20,capjkxfkvfjkxk
17,21,dbqklyglwgklyl
17,22,ecrlmzhmxhlmzm
17,23,fdsmnainyimnan
17,24,getnobjozjnobo
17,25,hfuopckpakopcp
19,0,mwzdylxyvxdyly
19,1,nxaezmyzwyezmz
19,2,oybfanzaxzfana
19,3,pzcgboabyagbob
19,4,qadhcpbczbhcpc
19,5,rbeidqcdacidqd
19,6,scfjerdebdjere
19,7,tdgkfsefcekfsf
19,8,uehlgtfgdflgtg
19,9,vfimhughegmhuh
19,10,wgjnivhifhnivi
19,11,xhkojwijgiojwj
19,12,yilpkxjkhjpkxk
19,13,zjmqlyklikqlyl
19,14,aknrmzlmjlrmzm
19,15,blosnamnkmsnan
19,16,cmptobnolntobo
19,17,dnqupcopmoupcp
19,18,eorvqdpqnpvqdq
19,19,fpswreqroqwrer
19,20,gqtxsfrsprxsfs
19,21,hruytgstqsytgt
19,22,isvzuhturtzuhu
19,23,jtwaviuvsuaviv
19,24,kuxbwjvwtvbwjw
19,25,lvycxkwxuwcxkx
21,0,qmdrgtjgpjrgtg
21,1,rneshukhqkshuh
21,2,softivlirltivi
21,3,tpgujwmjsmujwj
21,4,uqhvkxnktnvkxk
21,5,vriwlyoluowlyl
21,6,wsjxmzpmvpxmzm
21,7,xtkynaqnwqynan
21,8,yulzobroxrzobo
21,9,zvmapcspysapcp
21,10,awnbqdtqztbqdq
21,11,bxocreuraucrer
21,12,cypdsfvsbvdsfs
21,13,dzqetgwtcwetgt
21,14,earfuhxudxfuhu
21,15,fbsgviyveygviv
21,16,gcthwjzwfzhwjw
21,17,hduixkaxgaixkx
21,18,ievjylbyhbjyly
21,19,jfwkzmczickzmz
21,20,kgxlandajdlana
21,21,lhymboebkembob
21,22,mizncpfclfncpc
21,23,njaodqgdmgodqd
21,24,okbperhenhpere
21,25,plcqfsifoiqfsf
23,0,uchfobvojvfobo
23,1,vdigpcwpkwgpcp
23,2,wejhqdxqlxhqdq
23,3,xfkireyrmyirer
23,4,ygljsfzsnzjsfs
23,5,zhmktgatoaktgt
23,6,ainluhbupbluhu
23,7,bjomvicvqcmviv
23,8,ckpnwjdwrdnwjw
23,9,dlqoxkexseoxkx
23,10,emrpylfytfpyly
23,11,fnsqzmgzugqzmz
23,12,gotranhavhrana
23,13,hpusboibwisbob
23,14,iqvtcpjcxjtcpc
23,15,jrwudqkdykudqd
23,16,ksxverlezlvere
23,17,ltywfsmfamwfsf
23,18,muzxgtngbnxgtg
23,19,nvayhuohcoyhuh
23,20,owbzivpidpzivi
23,21,pxcajwqjeqajwj
23,22,qydbkxrkfrbkxk
23,23,rzeclyslgsclyl
23,24,safdmztmhtdmzm
23,25,tbgenauniuenan
25,0,ysltwjhwdhtwjw
25,1,ztmuxkixeiuxkx
25,2,aunvyljyfjvyly
25,3,bvowzmkzgkwzmz
25,4,cwpxanlahlxana
25,5,dxqybombimybob
25,6,eyrzcpncjnzcpc
25,7,fzsadqodkoadqd
25,8,gatberpelpbere
25,9,hbucfsqfmqcfsf
25,10,icvdgtrgnrdgtg
25,11,jdwehushosehuh
25,12,kexfivtiptfivi
25,13,lfygjwujqugjwj
25,14,mgzhkxvkrvhkxk
25,15,nhailywlswilyl
25,16,oibjmzxmtxjmzm
25,17,pjcknaynuyknan
25,18,qkdlobzovzlobo
25,19,rlempcapwampcp
25,20,smfnqdbqxbnqdq
25,21,tngorecrycorer
25,22,uohpsfdszdpsfs
25,23,vpiqtgetaeqtgt
25,24,wqjruhfubfruhu
25,25,xrksvigvcgsviv
